Fund Current,All,Unnamed: 2,Unnamed: 3,Unnamed: 4,Unnamed: 5,Unnamed: 6,Unnamed: 7,Unnamed: 8,Unnamed: 9,Unnamed: 10,Unnamed: 11,Unnamed: 12,Unnamed: 13
"Management Company, Current",All,,,,,,,,,,,,
Market,All,,,,,,,,,,,,
Financial Project Code Current,All,,,,,,,,,,,,
Financial Project Name Current,The Merc,,,,,,,,,,,,
Profit Center Code Current,(Multiple Items),,,,,,,,,,,,
,,,,,,,,,,,,,
 ,Column Labels,,,,,,,,,,,,
Row Labels,Dec-22,Jan-23,Feb-23,Mar-23,Apr-23,May-23,Jun-23,Jul-23,Aug-23,Sep-23,Oct-23,Nov-23,Grand Total
Operating Statement,,,,,,,,,,,,,
Net Cash Flow,,,,,,,,,,,,,
Operating Income,,,,,,,,,,,,,
Total Income,,,,,,,,,,,,,
Net Rental Income,,,,,,,,,,,,,
Resident Rent,,,,,,,,,,,,,
4000-005  Gross Pot Rent - Res,648913.46,650264.74,649060.72,644658.16,650191.26,649256.36,656320.69,652367.7,652762.53,648362.84,644396.59,646867.56,7793422.61
4000-010  Gain/Loss to Lease Res,0,0,0,0,0,0,0,0,0,0,0,0,0
Resident Rent Total,648913.46,650264.74,649060.72,644658.16,650191.26,649256.36,656320.69,652367.7,652762.53,648362.84,644396.59,646867.56,7793422.61
Resident Vacancy,,,,,,,,,,,,,
4010-005  Vacancy - Resident,-71621.63,-77048.25,-69713.42,-40906.09,-58199.18,-57395.81,-68853.76,-65752.15,-60966.71,-55210.97,-41859.26,-56081.26,-723608.49
Resident Vacancy Total,-71621.63,-77048.25,-69713.42,-40906.09,-58199.18,-57395.81,-68853.76,-65752.15,-60966.71,-55210.97,-41859.26,-56081.26,-723608.49
Concessions,,,,,,,,,,,,,
4015-005  Concessions - Market,-4421,-754.19,1195,0,0,-610,-3568.83,-11216.11,-19332.86,-11701.67,-29650.03,-8440,-88499.69
Concessions Total,-4421,-754.19,1195,0,0,-610,-3568.83,-11216.11,-19332.86,-11701.67,-29650.03,-8440,-88499.69
Other Uncollected Rent,,,,,,,,,,,,,
4015-015  Employee Discounts,-606.75,-606.75,-606.75,-606.75,-606.75,-606.75,-606.75,-606.75,-606.75,0,-146.13,-377.5,-5984.38
Other Uncollected Rent Total,-606.75,-606.75,-606.75,-606.75,-606.75,-606.75,-606.75,-606.75,-606.75,0,-146.13,-377.5,-5984.38
Bad Debt,,,,,,,,,,,,,
4060-005  Bad Debt Allowance,-60115.79,-50748.28,-38477.92,-57115.96,-34500.02,-49549.07,-36685.95,-12226.9,-36771.85,-28267.68,-33272.18,-26075.53,-463807.13
Bad Debt Total,-60115.79,-50748.28,-38477.92,-57115.96,-34500.02,-49549.07,-36685.95,-12226.9,-36771.85,-28267.68,-33272.18,-26075.53,-463807.13
Net Rental Income Total,512148.29,521107.27,541457.63,546029.36,556885.31,541094.73,546605.4,562565.79,535084.36,553182.52,539468.99,555893.27,6511522.92
Commercial Income,,,,,,,,,,,,,
4070-005  Gross Pot Rent - Comm,75969.67,75969.67,75969.67,75969.67,75969.67,75969.67,75969.67,75969.67,76179.04,76179.04,76179.04,130309.96,966604.44
4070-010  Vac - Comm,-12215.42,-12215.42,-12215.42,-12215.42,-12215.42,-12215.42,-12215.42,-12215.42,-12215.42,-12215.42,-12215.42,-12215.42,-146585.04
4070-015  Bad Debt - Comm,-14.9,0,0,330.96,0,0,0,0,0,34656.15,0,0,34972.21
4070-035  CAM,771.16,771.16,771.16,771.16,771.16,-7586.7,850.2,850.2,850.2,850.2,850.2,850.2,1370.3
4070-045  Insurance Recovery,389.63,389.63,389.63,389.63,389.63,548.28,421.36,421.36,421.36,421.36,421.36,421.36,5024.59
4070-050  Real Estate Tax Recovery,3849.38,3849.38,3849.38,3849.38,3849.38,-41.52,3071.2,3071.2,3071.2,3071.2,3071.2,3071.2,37632.58
Commercial Income Total,68749.52,68764.42,68764.42,69095.38,68764.42,56674.31,68097.01,68097.01,68306.38,102962.53,68306.38,122437.3,899019.08
Parking Income,,,,,,,,,,,,,
4130-010  Parking Income - Resident,21332.43,23451.09,23608,24005.07,24733.39,22328.51,21922.35,22108.95,20743.8,20121.14,21720.47,21138.43,267213.63
Parking Income Total,21332.43,23451.09,23608,24005.07,24733.39,22328.51,21922.35,22108.95,20743.8,20121.14,21720.47,21138.43,267213.63
Other Income,,,,,,,,,,,,,
4140-205  Admin Fees - Tenant,2500,2250,3250,2750,2000,3500,4665,3250,2750,3000,1500,1665,33080
4140-010  Lease Term Fee - Res,-3024,0,0,0,0,0,0,0,0,0,4570,0,1546
4140-015  Application Fees,2040,1870,1360,2635,1105,2125,3315,3400,765,2855,1905,1070,24445
4140-025  Late Fee,4392.77,7111.5,11417.9,6405.76,10234.14,3331.22,8522.91,9692.18,10169.42,13025.69,9931.23,7545.51,101780.23
4140-045  Miscellaneous Income,925,500,230,1405.56,645,685,1450,2776,490.6,-2244,1240.81,860,8963.97
4140-065  Storage Fee,0,0,0,90,90,108.87,135,135,135,135,135,180,1143.87
4140-080  Pet Fees,0,1000,-500,1000,110,-610,0,1000,500,1500,0,500,4500
4140-085  Key & Lock Fees,305,365,170,485,360,1570,480.46,10,205,0,85,0,4035.46
4140-090  NSF Fees,450,600,300,250,50,650,200,1500,500,1200,1000,250,6950
4140-095  Pet Rent,761.29,761.29,710.48,718.55,716.67,650.82,437.9,575.8,504.03,513.33,550,527.52,7427.68
4140-100  Transfer Fees,0,1691,1642.04,0,0,0,0,0,382.96,0,0,1113,4829
4140-105  Lease Violations,0,0,0,0,0,0,0,0,9500,-9500,0,0,0
4140-175  Vending Income,0,0,0,110,0,113,0,0,0,0,0,0,223
4140-020  Damage and Replacement Fee,-377.54,935.57,700.98,2481.25,615,180,42789.86,1468.18,4411.25,-415.11,603.07,0,53392.51
4140-055  Housekeeping / Handyman,0,0,0,150,0,0,0,0,0,0,0,0,150
Other Income Total,7972.52,17084.36,19281.4,18481.12,15925.81,12303.91,61996.13,23807.16,30313.26,10069.91,21520.11,13711.03,252466.72
Total Income Total,610202.76,630407.14,653111.45,657610.93,666308.93,632401.46,698620.89,676578.91,654447.8,686336.1,651015.95,713180.03,7930222.35
Total Operating Expenses,,,,,,,,,,,,,
Total Controllable Expense,,,,,,,,,,,,,
Payroll,,,,,,,,,,,,,
Wages,,,,,,,,,,,,,
6000-005  Wages - Office,33884.14,30781.01,29665.59,24766.99,29639.82,26292.9,20742,26100.61,24379.91,32425.43,33617.34,32160.12,344455.86
6000-010  Wages - OT Office,490.29,1826.16,289.5,-182.19,21.72,335.43,744.26,557.61,1171,1186.39,1091.02,988.7,8519.89
6000-015  Wages - Maintenance,22278.22,22854.71,24360.29,9276.86,30177.81,20460.27,19740.46,14352.79,19300.17,11760.78,13377.16,17512.89,225452.41
6000-020  Wages - OT Maintenance,459.75,1690.91,1249.48,654.87,2467.56,1994.89,3450.13,1749.16,2170.21,1848.52,1510.66,1855.24,21101.38
6000-045  Wages - Incentive Bonus,500,434.47,184.77,0,0,513.06,0,2000,2400,2000,3850,2000,13882.3
6000-050  Wages - Renewal Bonus,705,880.04,568.1,1311.49,1760.07,2670.07,6408.08,4117.1,3675.1,2768,1392.04,536.12,26791.21
6000-060  Leasing Commissions,846,1015.2,1207,5136.97,-2154,1604.6,1661.4,7816.7,1911,1621.5,2897.75,837.5,24401.62
6000-065  Wages - Temporary,5842.15,8.19,8556.04,570.78,0,391.5,1244.74,-740.74,488.3,2962.04,0,0,19323
6000-300  Wages - Severance,0,0,0,0,0,0,0,0,0,4050.02,0,0,4050.02
Wages Total,65005.55,59490.69,66080.77,41535.77,61912.98,54262.72,53991.07,55953.23,55495.69,60622.68,57735.97,55890.57,687977.69
Payroll Taxes And Benefits,,,,,,,,,,,,,
6010-005  Payroll Taxes,4370.63,7799.15,6298.78,5720.22,5625.5,3898.27,4611.85,4813.22,4624.43,5009.47,5024.76,4501.05,62297.33
6010-010  Benefits - WD,11534.85,10934.25,10831.83,11673.38,12578.63,10849.45,12178.14,13979.98,16107.84,12519.08,13483.62,12648.92,149319.97
6010-020  Benefits - Allocated Fringes,4013.93,658.09,654.19,-573.81,833.18,924.08,-11106.26,1275.03,644.5,10922.69,2633.25,443.59,11322.46
Payroll Taxes And Benefits Total,19919.41,19391.49,17784.8,16819.79,19037.31,15671.8,5683.73,20068.23,21376.77,28451.24,21141.63,17593.56,222939.76
Payroll Other,,,,,,,,,,,,,
6020-005  Contract - Concierge,13957.5,19947,18964.98,16651,19947,19947,20838,21476.74,19605.26,23777.98,20713.67,20481.84,236307.97
Payroll Other Total,13957.5,19947,18964.98,16651,19947,19947,20838,21476.74,19605.26,23777.98,20713.67,20481.84,236307.97
Payroll Total,98882.46,98829.18,102830.55,75006.56,100897.29,89881.52,80512.8,97498.2,96477.72,112851.9,99591.27,93965.97,1147225.42
Repair & Maintenance,,,,,,,,,,,,,
6020-020  Contract - Comm Area Cleaning,18700.78,16944.2,16944.2,16944.2,16944.2,16944.2,17179.08,16944.2,10715.07,14057.7,13824.96,13824.96,189967.75
6030-005  R&M - Keys & Locks,0,0,0,0,0,0,0,0,2476.67,0,0,980,3456.67
6030-010  R&M - Electrical,-1954.48,0,1618.34,1888.96,1488.44,0,2024.82,454.65,0,825,0,0,6345.73
6030-015  R&M - ElevEscalator,5650.75,-2540.57,4888.71,-182.82,0,2500,4328.92,-1170.63,71200.35,8548.05,4512.69,7610.1,105345.55
6030-020  R&M - HVAC,-24560.66,908.77,3279.82,614.86,0.83,0,2681.88,-657.14,2304.76,2877.26,2417.21,2851.44,-7280.97
6030-025  R&M - Landscaping Irrigation,-174.04,0,0,238.99,258.12,0,666.3,-400,0,0,0,200,789.37
6030-030  R&M - Prior Year Expense,0,0,1651.08,2500,0,1651.08,-1651.08,0,0,0,0,0,4151.08
6030-035  R&M - Misc Exterior,195.56,1924.85,2138.51,1688.37,0,665.23,907.42,-6674.38,277.49,815.72,0,0,1938.77
6030-040  R&M - Misc Interior,3935.28,913.53,3081.95,663.71,5898.34,948.39,4559.59,-3936.78,668.28,135.12,1763.11,0,18630.52
6030-045  R&M - Plumbing,-9837.56,452.5,3487.92,-1311.23,1431.51,3736.14,5538.59,2558.38,1101.47,1200,-833.93,2844.74,10368.53
6030-050  R&M - Pool/Jacuzzi,-1300,400,400,100,1225,1650,795,-220,4538.2,-3285,525,0,4828.2
6030-055  R&M - Roof,-8818.6,0,0,0,0,4250.25,1595,680,0,0,0,3200,906.65
6030-060  R&M - Parking Lot,0,0,0,0,0,600.79,0,0,0,0,10,0,610.79
6030-065  R&M - Windows,0,0,0,0,2198.45,965.67,0,0,0,1050,453.32,0,4667.44
6030-070  R&M - Appliances,0,362.44,0,2186,0,-638.94,1180.9,839.5,-500,0,135.04,0,3564.94
6030-075  R&M - Cleaning Expense,0,0,0,0,162.37,162.37,541.26,0,-541.26,0,700,0,1024.74
6030-080  R&M - Sidewalk,0,0,0,0,0,0,950,0,0,0,0,0,950
6030-085  R&M - Common Flooring,0,0,0,0,0,149.95,0,1250.35,1385.35,0,0,0,2785.65
6030-095  R&M - Comm Area Amenities,0,2900,0,0,600.79,0,-600.79,0,0,0,0,0,2900
6030-100  R&M - Exterminator,0,0,0,0,0,277.44,0,0,568.32,0,920.13,568.32,2334.21
6030-105  R&M - Light Bulbs/Ballasts,248.43,1606.23,490.86,9.63,566.39,3583.94,2859.12,2091.51,3535.18,2100,2139.73,1396.76,20627.78
6030-110  R&M - Comm Area Upkeep,-2430.22,0,0,0,0,0,0,0,0,0,0,0,-2430.22
6030-120  R&M - Housekeeping,0,0,0,0,0,0,0,0,0,0,0,0,0
6030-145  R&M - Fire & Safety,-3031.4,3734.62,450,37.13,600.79,2202.89,2827.26,3788.55,2957.49,11683.89,-7423.89,1950,19777.33
6030-150  R&M - FF&E,0,701.36,701.36,701.36,701.36,701.36,868.62,434.31,708.38,579.08,579.08,434.31,7110.58
6030-155  R&M - Garage Oper Exp,0,0,0,0,0,0,500,500,410,1952,-1080,0,2282
6030-165  R&M - Miscellaneous,0,0,8.62,109.7,0,0,0,-109.7,0,0,322.68,0,331.3
6030-170  R&M - Trash Equipment Repair,0,922.42,468.79,763.16,231.5,0,2312.58,0,2230.43,-1156.29,1758.13,219.02,7749.74
6030-190  R&M - Landscaping Services,-6319.79,0,0,0,0,0,0,0,0,0,0,0,-6319.79
6030-195  R&M - Door Repair,-2087.37,1500,1635,0,1443.06,1525,2971.58,2637.31,1796.13,3105.63,4853.56,1564.37,20944.27
6030-200  R&M - Access Control/Surveillenace,0,0,460.24,3761.47,460.24,460.24,460.24,569.94,460.24,460.24,2505.63,460.24,10058.72
6030-205  R&M - Common Area Paint,0,0,0,0,850,270.63,7121.85,316,240,0,0,0,8798.48
6030-380  R&M - Supplies Maintenance,0,0,0,2513.52,0,0,0,0,0,0,0,0,2513.52
6040-005  Supplies - Cleaning,528.64,995.35,224.45,128.9,28.47,1354.06,716.62,877.02,1461.73,-371.93,-375.77,143.67,5711.21
6040-015  Supplies - Vendor Rebates,0,0,-692.07,0,0,0,0,0,0,0,0,0,-692.07
6040-020  Supplies - Misc maintenance,250.72,1586.86,1649.9,1815.78,2572.74,2177.36,-6981.83,881.21,42.79,510.25,-363.89,301.89,4443.78
6040-025  Supplies - HVAC,253.24,2864.71,288.57,955.85,1305.07,3830.65,4341.1,2785.64,5393.09,540.38,3267.86,965.57,26791.73
6040-030  Supplies - Keys and Locks,98.89,1879.51,444.54,0,280,114.32,4291.1,907.61,88.53,0,-1838.87,3385.32,9650.95
6040-035  Supplies - Electrical,0,86.97,117.11,14.38,228.41,56.56,0,1129.61,-5.71,277.03,416.02,56.59,2376.97
6040-040  Supplies - Plumbing,-4555.83,2685.25,1428.28,1294.65,1164.58,6848.95,5654.25,1172.28,-208.6,692.12,2051.63,1711.75,19939.31
6040-045  Supplies - Small Tools,0,0,0,0,217.08,249.6,929.52,215.11,148.41,-628.8,745,347.57,2223.49
6040-050  Supplies - Landscaping,0,1407.74,-1407.74,0,0,0,0,0,0,0,0,0,0
6040-055  Supplies - Pool,0,0,0,0,0,0,0,0,0,0,41.75,0,41.75
6040-060  Supplies - Fire & Safety,68.72,34.36,0,0,0,0,0,0,144.32,0,0,0,247.4
6040-065  Supplies - Uniform Purchases,0,0,0,0,1349.68,-0.02,0,250,272.97,0,0,734.33,2606.96
6040-070  Supplies - Appliances,298.59,780.2,2150.43,3057.17,1133.59,2849.92,1047.94,2561.14,4353.95,-230.79,3408.33,3966.14,25376.61
Repair & Maintenance Total,-34840.35,43051.3,45908.87,40493.74,43341.01,60088.03,70616.84,30675.69,118224.03,45736.66,35434.51,49717.09,548447.42
General & Administrative,,,,,,,,,,,,,
6130-025  GenExp - Legal Fees,0,0,0,0,0,1190.7,0,3098,-1190.7,0,0,0,3098
6140-030  G&A - Cell Phone & Wireless,300,76,-50,100,0,276,126,0,76,0,0,0,904
6140-085  G&A - Mailing & Postage,0,54.41,71,27,0,0,5.96,18.47,0,18.69,0,18.79,214.32
6140-095  G&A - Education & Training,179.42,62.22,69.54,69.54,69.54,58.56,2033.65,951.62,58.56,117.12,0,344.49,4014.26
6140-115  G&A - Meals & Ent. 100% Ded,0,0,0,0,0,0,308.68,0,0,0,0,0,308.68
6130-030  GenExp - Legal Fees - Tenant,3214.2,9456.77,15735.29,-19343.15,295.8,3502.88,-800.81,58.86,2521.79,-143.43,1576.12,2905.53,18979.85
6140-025  G&A - Dues & Subs,0,2233,0,0,300,0,450,0,0,0,450.13,0,3433.13
6140-040  G&A - Telephone,11970.44,11163.95,3032.48,3665.4,2570.5,2114.33,1896.12,2469.64,2330.07,-80.91,0,0,41132.02
6140-120  G&A - Meals - 50% Non-Deduct,1272.81,-301.99,880.51,377.34,-135.94,832.51,2990.52,0,551.11,950.52,306.88,0,7724.27
6130-035  GenExp - Other Prof Fees,0,0,0,0,0,0,0,0,0,0,395.11,0,395.11
6140-045  G&A - Computer Equipment & Supplies,0,0,0,113.36,0,0,0,81.15,0,0,61.77,32.54,288.82
6140-080  G&A - Office Supplies,127.46,1068.23,2513.52,-2147.88,0,232.85,312.23,553.54,279.08,342.64,621.79,525.57,4429.03
6140-125  G&A - Meals & Ent Non-Tax Ded,0,0,0,0,0,185.07,0,0,54.41,0,68.05,0,307.53
6130-005  GenExp - Prof Services,0,0,0,0,0,0,0,1346.84,0,206.4,0,0,1553.24
6140-055  G&A - Software Costs,2529.84,2739.44,3562.24,4162.05,3486.85,3477.36,3478.43,3496.35,3309.85,3218.13,2593.54,2621.28,38675.36
6140-100  G&A - Employee Incentives & Gifts,0,0,0,0,0,0,301.42,0,96,138.24,743.13,0,1278.79
6140-135  G&A - Travel,54,0,0,0,0,5.57,5.57,0,1650.72,0,0,0,1715.86
6140-140  G&A - Travel - Airline,409.2,140,0,0,0,0,1231.76,562.81,443.97,0,0,0,2787.74
6140-145  G&A - Travel - Auto Rental,0,0,0,0,0,0,0,0,31.38,0,0,0,31.38
6140-035  G&A - Data Line,0,143.65,0,143.65,143.65,143.65,143.65,0,0,0,0,0,718.25
6140-150  G&A - Travel - Lodging,0,0,0,0,0,0,0,0,122.61,0,747.8,0,870.41
6140-195  G&A - Bank Charges/Fees,330.37,334.01,355.96,252.24,426.46,251.45,371.59,470.25,427.6,353.79,400.31,326.65,4300.68
6140-075  G&A - FF & E Purchases,0,0,0,0,107.9,0,0,0,0,0,30,0,137.9
6140-160  G&A - Travel - Transportation,0,0,0,0,0,0,0,0,128.31,0,93.5,0,221.81
6140-165  G&A - Auto Expense,0,0,0,0,0,0,57.54,0,21.9,0,0,0,79.44
6140-340  G&A - Telecom,0,0,0,0,0,0,0,0,0,2337.57,2278.51,-13500.66,-8884.58
6140-210  G&A - License & Permit Fees,0,14457,0,0,0,0,2196,172,451,0,1596.07,0,18872.07
6140-215  G&A - Misc Expense,940.02,5580.6,-4666.66,1542.16,565.03,1265.38,1328.07,486.8,1600.53,461.42,44.56,382.67,9530.58
6140-050  G&A - LRO Expenses,491.59,491.59,491.59,491.59,491.59,491.59,491.59,491.59,491.59,491.59,491.59,491.59,5899.08
6130-015  GenExp - Prior Year Expense,0,0,0,23032.06,0,0,0,0,0,0,0,0,23032.06
6140-090  G&A - Prior Year Expense,0,0,0,488.4,0,0,960.02,0,0,0,0,0,1448.42
6140-180  G&A - Prior Pd Adj - Exp,0,0,0,0,0,0,0,0,0,-475.3,0,0,-475.3
6140-200  G&A - Credit Check Fees,225.06,225.06,225.06,225.06,225.06,225.06,225.06,225.06,225.06,225.06,225.06,225.06,2700.72
6140-265  G&A - Fitness Center Expense,0,0,162.38,0,0,0,0,0,0,0,0,0,162.38
6140-290  G&A - Res F&B Svc Exp,1273.61,-2368.61,365,-365,0,0,0,0,0,0,0,0,-1095
General & Administrative Total,23318.02,45555.33,22747.91,12833.82,8546.44,14252.96,18113.05,14482.98,13680.84,8161.53,12723.92,-5626.49,188790.31
Advertising,,,,,,,,,,,,,
6180-120  Adv - Locator Fees,15634,2616,-2616,0,5159.5,2030,955,2616,-2616,0,3420,2152.5,29351
6180-100  Adv - Media,179,0,0,0,0,0,0,0,0,0,0,0,179
6180-145  Adv - Res Food and Beverage,0,0,0,0,0,0,0,0,0,101.94,0,0,101.94
6180-150  Adv - Social Activities,0,0,0,0,233.04,0,0,550,0,0,0,0,783.04
6180-140  Adv - Refererral Fees,0,0,0,688,-688,0,520,12840,1585,0,0,0,14945
6180-110  Adv - Technology,1359.24,0,0,1469.73,0,0,-1469.73,0,1469.73,0,0,0,2828.97
6180-230  Mktg - Promotional Items,0,196.42,187.58,208.13,0,0,0,0,0,20852.95,0,0,21445.08
6180-200  Mktg - Creative Services,0,58.27,0,0,0,0,0,0,0,0,0,0,58.27
6180-205  Mktg - Digital Retainers and Services,963.62,1587.54,1587.54,793.77,812.46,1192.57,676.6,1932.61,2223.98,2133.5,2197.19,2164.04,18265.42
6180-245  Mktg - Out of Home,4831.34,2618.68,2817.97,3728.57,2784.44,4445.13,5905.97,4386.3,500,500,6433.04,4127.5,43078.94
6180-220  Mktg - Internet Listing Services (ILS),1045,1844,1045,10830.14,985,2517.21,4593,2651,4604.19,6439.78,7291,7260.02,51105.34
6180-225  Mktg - Marketing Technology,172.61,1763.53,1526.81,0,236.93,26.1,6501.9,2497.81,737.28,2203.82,2505.7,2311.78,20484.27
6180-210  Mktg - Search Engine Marketing,4000,3012.46,3012.46,1506.23,5327.46,5327.46,5327.46,10630.54,9536,14450,14450,14450,91030.07
6180-125  Mktg - Prior Year Exp,0,0,-4240.5,0,0,0,0,0,0,0,0,0,-4240.5
6180-215  Mktg - Reputation Management,934.46,60.5,95.45,896.94,0,0,0,0,1295.76,1037.37,0,0,4320.48
6180-235  Mktg - Printing Costs,0,0,0,0,0,0,0,0,0,84.73,0,0,84.73
6180-250  Mktg - Social Media Management,0,0,0,0,0,0,0,0,122.39,1.98,123.37,61.2,308.94
Advertising Total,29119.27,13757.4,3416.31,20121.51,14850.83,15538.47,23010.2,38104.26,19458.33,47806.07,36420.3,32527.04,294129.99
Make Ready Expenses,,,,,,,,,,,,,
6120-005  MkRdy - Bath Tile Repair,1015,0,0,0,0,0,240,45,850,0,0,0,2150
6120-010  MkRdy - Floor Covering Contract,0,0,0,0,0,0,0,149.95,0,198.04,0,0,347.99
6120-015  MkRdy - Wall and Ceiling Repair,12702.69,3725.06,3633.02,3207.61,672.38,1939.23,2929,4048.98,9382.52,2210,2110,2365,48925.49
6120-020  MkRdy - Cleaning Expense,9927.72,-610.25,3443.43,2527.76,1419.14,6189.28,2610.99,6972.96,2428,3669.34,2655,3820,45053.37
6120-025  MkRdy - Floor & Carpet,2857.79,573.8,2964.76,462.76,724.76,2678.56,7103.99,1691.54,351.25,9785.25,465,4540.23,34199.69
6120-030  MkRdy - Keys & Locks,0,18.75,321.59,19.49,464.77,537.44,220,2145.25,3632.92,262.05,324.27,868.9,8815.43
6120-035  MkRdy - Painting,45826.44,4463.25,17462.94,10056.26,3183.5,16893.45,31108.7,27803.44,2422.59,1983.52,10014.71,12392.58,183611.38
6120-040  MkRdy - Window Coverings,0,0,0,0,0,0,4357,-7,0,0,0,170,4520
6120-045  MkRdy - Prior Year Exp,0,0,0,7950,0,-1930,0,0,0,0,0,0,6020
Make Ready Expenses Total,72329.64,8170.61,27825.74,24223.88,6464.55,26307.96,48569.68,42850.12,19067.28,18108.2,15568.98,24156.71,333643.35
Building Contracts,,,,,,,,,,,,,
4110-005  Utility Income - PestCtrol,-1348.18,-1439.05,-1533.82,-1550,-1634.83,-1419.02,-1543.74,-1621.79,-1632.52,-1627.79,-1657.05,-1563.12,-18570.91
4140-185  Cable-TV - Satellite Income,-761.85,-2505.34,-1667.17,-1175.72,-2532.64,-2173.9,-1612.52,-1603.25,-1339.21,-2432.11,-1573.96,-2201.82,-21579.49
6020-015  Contract - Security,11485.75,4611.44,4988.16,5000,-5000,0,0,-6274.16,0,0,0,0,14811.19
6020-025  Uniforms,478,-3.33,0,0,320.87,-320.87,0,0,0,0,0,0,474.67
6050-005  Contract - Elevator,4714.06,4721.35,4721.35,4721.35,5409.35,4721.35,4721.35,4864.96,4851.78,4834.98,4834.98,4834.98,57951.84
6050-010  Contract - HVAC,2825,0,2528,0,0,2528,0,0,0,0,0,2528,10409
6050-015  Contract - HVAC Water Treatment,875.03,875.03,875.03,875.03,875.03,875.03,875.03,875.03,875.03,875.03,875.03,875.03,10500.36
6050-020  Contract - LifeSafety/FireAlarm,0,0,1060.79,0,412.02,2732.64,2209.1,0,19508.4,-60.79,737.41,1148.31,27747.88
6050-030  Contract - Landscape Ext,1712.7,152.48,3206.95,1321.23,1689.78,1842.26,1842.26,1842.26,1689.78,1689.78,1689.78,1689.78,20369.04
6050-040  Contract - Pest Control,468.72,351.54,658.16,468.72,703.08,351.54,117.18,703.08,468.72,234.36,703.08,351.54,5579.72
6050-045  Contract - Pool,0,0,0,2250,750,775,750,950,750,2281,1300,1300,11106
6050-050  Contract - Uniform,0,82.66,0,345.24,245.32,-6.14,0,0,0,0,0,0,667.08
6050-055  Contract - Prior Year Exp,0,0,0,0,0,19423,2300.3,0,0,0,0,0,21723.3
6050-060  Contract - Plumbing,0,0,0,1600,0,1600,0,0,0,1600,0,1600,6400
Building Contracts Total,20449.23,6846.78,14837.45,13855.85,1237.98,30928.89,9658.96,-263.87,25171.98,7394.46,6909.27,10562.7,147589.68
Utilities,,,,,,,,,,,,,
Utility Income,,,,,,,,,,,,,
4110-010  Utility Income  - Trash,-2694.34,-2876.12,-3065.68,-3097.04,-3267.74,-2836.01,-3086.47,-3242.55,-3264.04,-3254.58,-3313.8,-3129.52,-37127.89
4110-015  Utility Income  - Electric,-570.93,-2687.04,-2497.66,-4403.4,-4306.59,-1746.22,-8403.64,92.52,-3421.74,-16451.4,-21911,-8448.74,-74755.84
4110-020  Utility Income  - Gas,-628.06,-10644.22,251.94,-7825.07,-10359.47,7280.26,-3384.67,-335.72,-3573.9,10930.54,-13531.09,82.9,-31736.56
4110-025  Utility Income - Water/Sewer,-3837.78,-9778.51,-7033.58,-6759.22,-9959.61,-4135.32,-5562.18,-10492.3,-7674.43,1217.37,-12416.24,-9811.62,-86243.42
4110-030  Utility Income - Other,0,0,0,0,0,0,0,-514.75,-514.75,-514.75,-514.75,-514.75,-2573.75
4110-035  Utility Income - Convenience Fee,-1280.9,-1310.17,-1513.03,-1404.12,-1551.13,-1279.89,-954.27,-936.31,-946.56,-915,-951.32,-904.82,-13947.52
Utility Income Total,-9012.01,-27296.06,-13858.01,-23488.85,-29444.54,-2717.18,-21391.23,-15429.11,-19395.42,-8987.82,-52638.2,-22726.55,-246384.98
Utility Expenses,,,,,,,,,,,,,
6100-005  Utilities - Electric,70237.31,44930.23,32028,-51563.85,26899.21,27600.25,53951.65,5516.86,59798.06,56794.19,37554,35361.75,399107.66
6100-010  Utilities - Electric Vacant,4638.74,5432.94,5912.76,5537.74,4274.95,5597.15,1486.23,14174.33,3171.31,8018.33,11208.41,-3646.21,65806.68
6100-020  Utilities - Gas,3030.14,8203.02,10657.29,969.95,3724.5,-89.99,8359.08,-10377.95,-311.88,62.97,118.66,442.78,24788.57
6100-030  Utilities - Sewer,4826.08,1732.85,5825.04,3782.37,3606.68,3990.83,4661.06,7398.02,11010.36,7602.87,4549.45,3874.93,62860.54
6100-035  Utilities - Water,5127.71,1993.72,5356.93,3824.44,3706.01,4064.68,5045.64,8025.61,13288.61,8396.96,4059.5,3961.92,66851.73
6100-040  Utilities -Trash Removal - Valet,0,0,0,0,0,0,0,0,0,0,0,0,0
6100-045  Utilities -Trash Removal - Contract,2855.55,1880.3,2200.3,2197.56,2200.99,2198.24,2196.86,10182.08,11617.67,8426.12,9804.67,3865.3,59625.64
6100-055  Utilities - Billing Services,1802.52,2447.54,2421.89,3084.19,3054.44,535.34,-51.56,3267.1,5469.15,1707.14,1108.88,6379,31225.63
6100-060  Utilities – Metergy Admin Fees,0,0,0,0,0,0,0,0,0,7616.3,-213.96,0,7402.34
Utility Expenses Total,92518.05,66620.6,64402.21,-32167.6,47466.78,43896.5,75648.96,38186.05,104043.28,98624.88,68189.61,50239.47,717668.79
Utilities Total,83506.04,39324.54,50544.2,-55656.45,18022.24,41179.32,54257.73,22756.94,84647.86,89637.06,15551.41,27512.92,471283.81
Total Controllable Expense Total,292764.31,255535.14,268111.03,130878.91,193360.34,278177.15,304739.26,246104.32,376728.04,329695.88,222199.66,232815.94,3131109.98
Total Uncontrollable Expense,,,,,,,,,,,,,
Taxes,,,,,,,,,,,,,
6200-005  Real Estate Tax Appeal Fees,0,7486,4500,0,3619.5,-3652,953.6,983,2118.35,670,413,650.5,17741.95
6200-010  Taxes - Real Estate,-227479.04,167802.42,96049.25,131925.83,131925.83,131925.84,131925.83,131925.83,131925.84,131925.83,131925.83,-8425,1083354.29
6200-015  Taxes - Real Estate Prior Year,0,0,0,0,0,0,0,0,0,-41205.91,0,0,-41205.91
Taxes Total,-227479.04,175288.42,100549.25,131925.83,135545.33,128273.84,132879.43,132908.83,134044.19,91389.92,132338.83,-7774.5,1059890.33
Insurance,,,,,,,,,,,,,
6215-005  Insurance - General Liability,5634.15,5634.15,5634.16,5724.83,5815.51,5815.51,5815.51,5815.51,5815.51,5815.51,5815.52,5815.5,69151.37
6215-010  Insurance - Other,0,0,0,0,0,0,0,0,0,-15827.69,0,0,-15827.69
6215-015  Insurance - Property,16561.94,16561.95,17780.3,17780.3,17780.3,9049.97,13415.13,13415.13,13675.64,13482.35,13469.75,13469.75,176442.51
Insurance Total,22196.09,22196.1,23414.46,23505.13,23595.81,14865.48,19230.64,19230.64,19491.15,3470.17,19285.27,19285.25,229766.19
Management Fees,,,,,,,,,,,,,
6190-005  Management Fee,10334.95,10618.32,10007.8,10227.06,10621.36,11223.73,10813.48,9858.13,9680.13,11046.17,8748.68,15316.41,128496.22
Management Fees Total,10334.95,10618.32,10007.8,10227.06,10621.36,11223.73,10813.48,9858.13,9680.13,11046.17,8748.68,15316.41,128496.22
Non-Recurring & Owners,,,,,,,,,,,,,
6240-005  NR&O - Building,32673.62,1046.48,7863.44,0,0,7407.55,18170.62,20706.23,76746.1,-24388.89,10016.77,17471.28,167713.2
6240-015  NR&O - Environmental,0,0,0,0,0,0,0,0,2405,0,0,0,2405
6240-020  NR&O - Insur-Gain/Loss,0,0,21880.61,0,0,0,0,0,19981.47,-4385.83,34957.15,0,72433.4
6240-025  NR&O - Other,8904.4,0,0,0,0,85793.71,0,0,401,-401,0,-4412.64,90285.47
6240-045  NR&O – Professional Fees,0,0,0,0,0,0,0,0,0,0,0,7070.79,7070.79
Non-Recurring & Owners Total,41578.02,1046.48,29744.05,0,0,93201.26,18170.62,20706.23,99533.57,-29175.72,44973.92,20129.43,339907.86
Total Uncontrollable Expense Total,-153369.98,209149.32,163715.56,165658.02,169762.5,247564.31,181094.17,182703.83,262749.04,76730.54,205346.7,46956.59,1758060.6
Total Operating Expenses Total,139394.33,464684.46,431826.59,296536.93,363122.84,525741.46,485833.43,428808.15,639477.08,406426.42,427546.36,279772.53,4889170.58
Operating Income Total,470808.43,165722.68,221284.86,361074,303186.09,106660,212787.46,247770.76,14970.72,279909.68,223469.59,433407.5,3041051.77
Capital Expenditures,,,,,,,,,,,,,
CP - Capital Preservation,,,,,,,,,,,,,
1400-153  Pools/Fountains/Rec Facilities - CP,0,0,0,0,0,0,0,0,18600,8600,0,0,27200
1410-103  Bldg Improvements-Structural - CP,10900,9849,3850,0,9632.25,0,0,0,0,0,0,0,34231.25
1410-153  Bldg Improvements-Systems - CP,62254.13,10000,21039.1,2500,174496.22,16488.01,76663.57,4702.38,30716.36,22732.5,0,0,421592.27
1410-253  HVAC System Replacement - CP,6254.46,0,0,0,0,0,0,0,0,0,0,0,6254.46
1410-303  Roof - CP,11777.6,0,0,0,0,0,0,0,0,0,0,0,11777.6
1410-353  Boilers - CP,4613.64,0,0,17132.73,8033.23,0,0,0,0,0,0,0,29779.6
1410-453  Water Heater Sys Replace - CP,14991.45,0,0,0,0,0,0,0,0,0,0,0,14991.45
1410-703  Bldg Improvements - GL - CP,-63523.72,0,-7186.72,19297.73,-16733.29,4007.25,32071.09,18363.57,-32924.64,-3041.71,-6800,0,-56470.44
1440-303  Carpeting/Floor Covering - CP,2430.22,0,0,0,0,0,0,0,1289.47,0,0,0,3719.69
1440-453  Fixtures/Cntrtops/Cabinets - CP,0,4749,0,0,0,0,3795.5,0,0,0,0,1307,9851.5
1440-703  FF&E - GL - CP,4849,-4849,0,0,0,3795.5,-3795.5,0,0,0,1307,-1307,0
1410-503  Water Heater-Apt Unit - CP,0,0,0,0,0,0,0,0,581.3,0,0,0,581.3
CP - Capital Preservation Total,54546.78,19749,17702.38,38930.46,175428.41,24290.76,108734.66,23065.95,18262.49,28290.79,-5493,0,503508.68
LS - Life Safety,,,,,,,,,,,,,
1400-054  Land Improvements - LS,6319.79,0,0,0,0,0,0,0,0,0,0,0,6319.79
1410-154  Bldg Improvements-Systems - LS,0,0,65141.53,0,0,0,0,0,0,0,0,0,65141.53
1440-054  Appliances - LS,0,0,0,0,0,0,0,0,0,0,0,0,0
1410-704  Bldg Improvements - GL - LS,0,0,0,0,0,0,1500,-1500,0,0,0,0,0
1440-704  FF&E - GL - LS,0,0,0,0,0,0,0,4282.44,-550,0,-3732.44,0,0
LS - Life Safety Total,6319.79,0,65141.53,0,0,0,1500,2782.44,-550,0,-3732.44,0,71461.32
Other Capital Expenditures,,,,,,,,,,,,,
1410-050  Building - Residential,-37767.03,0,-55370.09,-163857.27,0,0,-156758.18,0,0,-104140.52,0,0,-517893.09
1440-050  Appliances,-7380.26,0,0,-19125.24,0,0,-4929.72,0,0,-33986.1,0,0,-65421.32
1440-150  Computer Equipment,0,0,0,0,0,0,-2398.04,0,0,0,0,0,-2398.04
1440-300  Carpeting/Floor Covering,-20120.95,0,0,-15787.75,0,0,-6457.02,0,0,-14574.42,0,0,-56940.14
1440-450  Fixtures/Cntrtops/Cabinets,-12017.85,0,0,-4380.61,0,0,0,0,0,-5393.38,0,0,-21791.84
Other Capital Expenditures Total,-77286.09,0,-55370.09,-203150.87,0,0,-170542.96,0,0,-158094.42,0,0,-664444.43
RC - Recurring,,,,,,,,,,,,,
1410-106  Bldg Improvements-Structural - RC,0,0,0,0,2500,0,4250,5897.47,0,0,0,0,12647.47
1410-156  Bldg Improvements-Systems - RC,9883.2,3017.28,8067.59,0,7772.13,0,0,0,0,0,13175.43,13175.43,55091.06
1410-706  Bldg Improvements - GL - RC,35343.9,-19954.91,-13239.33,-4260.73,-7772.13,4250,33633.04,-27869.04,4372,-4280,-5115.12,-3690.88,-8583.2
1440-056  Appliances - RC,5282.44,14362.36,8971.76,2758.22,0,4825.97,0,23660.41,28625.89,21938.93,4246.02,9543.15,124215.15
1440-306  Carpeting/Floor Covering - RC,8339.71,6016.06,6912.99,1525.63,2971.29,5436.95,2279.8,12478.31,6374.6,0,0,4696.43,57031.77
1440-456  Fixtures/Cntrtops/Cabinets - RC,0,0,0,0,0,0,0,4502.01,0,0,0,0,4502.01
1440-556  HVAC Apt. Unit - RC,9994.66,0,0,0,0,0,2418.16,2738.37,3352.42,4633.1,6095.96,987.9,30220.57
1440-706  FF&E - GL - RC,4494.5,-3554.96,-939.54,0,0,0,0,12474.03,674.93,-4986.18,1063.9,1921.9,11148.58
1410-506  Water Heater-Apt Unit - RC,5313.78,2701.92,0,0,0,2611.86,0,7673.68,2622.48,0,15.58,8697.89,29637.19
1440-156  Computer Equipment - RC,0,0,0,1931.86,1757.43,0,0,0,0,763.8,0,0,4453.09
RC - Recurring Total,78652.19,2587.75,9773.47,1954.98,7228.72,17124.78,42581,41555.24,46022.32,18069.65,19481.77,35331.82,320363.69
PM - Project Management Fees,,,,,,,,,,,,,
1400-055  Land Improvements - PM,0,473.98,0,0,0,0,0,0,0,0,0,0,473.98
1400-705  Land Improv - GL - PM,473.98,-473.98,0,0,0,0,0,0,1395,0,645,0,2040
1410-105  Bldg Improvements-Structural - PM,0,3825.61,0,0,0,0,0,0,0,0,0,0,3825.61
1410-155  Bldg Improvements-Systems - PM,0,10231.35,0,0,0,0,0,0,0,0,0,0,10231.35
1410-305  Roof - PM,0,883.32,0,0,0,0,0,0,0,0,0,0,883.32
1410-355  Boilers - PM,0,878.63,0,0,0,0,0,0,0,0,0,0,878.63
1410-455  Water Heater Sys Replace - PM,0,1124.36,0,0,0,0,0,0,0,0,0,0,1124.36
1410-705  Bldg Improvements - GL - PM,8309.34,-20638.45,3355.36,1472.46,15826.4,1142.21,4429.88,1711.64,988.37,1704.94,0,3390.59,21692.74
1440-055  Appliances - PM,0,806.89,0,0,0,0,0,0,0,0,0,0,806.89
1440-305  Carpeting/Floor Covering - PM,0,589.87,0,0,0,0,0,0,0,0,0,0,589.87
1440-455  Fixtures/Cntrtops/Cabinets - PM,0,1990.4,0,0,0,0,0,0,0,0,0,0,1990.4
1440-705  FF&E - GL - PM,182.27,-3932.74,356.18,0,0,81.96,202.7,0,96.71,0,0,98.03,-2914.89
1440-105  Maintenance Equipment - PM,0,545.58,0,0,0,0,0,0,0,0,0,0,545.58
1420-705  Tenant Improvements - GL - PM,0,-29602.5,0,0,0,0,0,0,0,0,0,0,-29602.5
1420-055  Tenant Improvements - PM,0,29602.5,0,0,0,0,0,0,0,0,0,0,29602.5
1410-255  HVAC System Replacement - PM,0,3695.18,0,0,0,0,0,0,0,0,0,0,3695.18
PM - Project Management Fees Total,8965.59,0,3711.54,1472.46,15826.4,1224.17,4632.58,1711.64,2480.08,1704.94,645,3488.62,45863.02
Capital Expenditures Total,71198.26,22336.75,40958.83,-160792.97,198483.53,42639.71,-13094.72,69115.27,66214.89,-110029.04,10901.33,38820.44,276752.28
Straight-Line Adjustments,,,,,,,,,,,,,
4090-005  S-L Adj - Retail,2950.54,2950.54,2950.54,2950.54,2950.54,2950.54,2950.54,2950.54,3159.91,3159.91,3159.91,3159.91,36243.96
4090-040  S-L Concessions,2350.39,6771.39,6771.39,6602.75,6602.75,6602.75,3290.67,-4123.34,-11953.77,-5978.78,-22723.64,-1101.94,-6889.38
Straight-Line Adjustments Total,5300.93,9721.93,9721.93,9553.29,9553.29,9553.29,6241.21,-1172.8,-8793.86,-2818.87,-19563.73,2057.97,29354.58
Net Cash Flow Total,394309.24,133664,170604.1,512313.68,95149.27,54467,219640.97,179828.29,-42450.31,392757.59,232131.99,392529.09,2734944.91
Operating Statement Total,394309.24,133664,170604.1,512313.68,95149.27,54467,219640.97,179828.29,-42450.31,392757.59,232131.99,392529.09,2734944.91
